{
    "configurations": [
        {
            "prefix": "ref=\"",
            "suffix": "\"",
            "filters": [],
            "varName": "playLink",
            "regionStart": "exp\" h",
            "regionEnd": "><img"
        },
        {
            "prefix": "alt=\"",
            "suffix": "\"",
            "filters": [],
            "varName": "title",
            "regionStart": "class=\"lazy lazy1",
            "regionEnd": "data"
        },
        {
            "prefix": "url(/",
            "suffix": ")",
            "filters": [],
            "varName": "coverImage",
            "regionStart": "style=\"background",
            "regionEnd": "></div>"
        },
        {
            "prefix": "href=\"",
            "suffix": "\"",
            "filters": [],
            "varName": "nextPage",
            "regionStart": "info\"><a class",
            "regionEnd": "下一页",
            "selectIndex": 8
        }
    ],
    "EpisodeConfiguration": [
        {
            "prefix": "href=\"",
            "suffix": "\"",
            "filters": [],
            "varName": "episode",
            "regionStart": "><ul class=\"anthology",
            "regionEnd": "</ul>",
            "regexMatch": "/index.php/vod/play/id/%d-/sid/1/nid/%d-.html"
        },
        {
            "prefix": "cor3\">",
            "suffix": "</div><div",
            "filters": [],
            "varName": "overview",
            "regionStart": "简介</a><a",
            "regionEnd": "展开"
        }
    ],
    "maxRetries": 1,
    "retryDelay": 10000,
    "url": "https://www.akianime.cc/bgmsearch/@Nefyra-------------.html",
    "RegexPatterns": [
        "https://fkad.xn---gmqr9gevarqk8t.cn/%w+/%w+/%w+.m3u8",
        "^https://mycj--api.heimuer.app/play/%w+.m3u8$",
        "^https://mycj--m3u8.hmrvideo.com/play/%w+.m3u8$"
    ],
    "basePath": {
        "episode": "https://www.akianime.cc",
        "playLink": "https://www.akianime.cc",
        "nextPage": "https://www.akianime.cc",
        "coverImage": "https://www.akianime.cc"
    },
    "startParam": "start",
    "options": {
        "nextPage": {
            "nextPage": true
        },
        "episode": {
            "episode": true
        },
        "playLink": {
            "playLink": true
        },
        "coverImage": {
            "coverImage": true
        }
    },
    "repeat": false,
    "removePatterns": [
        "封面图"
    ],
    "T": {
        "Toast": "访问过于频繁会被临时冻结"
    },
"javascript": true,
"find": ["exp\" h", "第01集"] 
}
