{
    "configurations": [
        {
            "prefix": "<a href=\"",
            "suffix": "\"",
            "filters": [],
            "varName": "playLink",
            "regexMatch": "dm/play/id-%d-"
        },
        {
            "prefix": "title=\"",
            "suffix": "\"",
            "filters": [],
            "varName": "title",
"regionStart": "background=\"http",
"regionEnd": "</h4>"
        },
        {
            "prefix": "background=\"",
            "suffix": "\"",
            "filters": [".jpg"],
            "varName": "coverImage"
        },
        {
            "prefix": "href=\"",
            "suffix": "\"",
            "filters": [],
            "varName": "nextPage",
            "regionStart": "class=\"active\"",
            "regionEnd": "<span class=\"mobile",
            "selectIndex": 2
        }
    ],
    "EpisodeConfiguration": [
        {
 "prefix": "Nefyra",
            "suffix": "",
            "filters": [],
            "varName": "episode",
            "regionStart": "",
            "regionEnd": ""
        }
    ],
    "url": "https://bad.news/dm/search/q-@Nefyra",
    "RegexPatterns": [
        "s3.aaaaa.io",
"https://static.bad.news/"
    ],
    "basePath": {
        "playLink": "https://bad.news",
"nextPage": "https://bad.news"
    },
    "startParam": "start",
    "options": {
        "playLink": {
            "playLink": true
        },
  "nextPage": {
            "nextPage": true
        }
    },
    "repeat": false,
    "maxRetries": 3,
    "retryDelay": 2500,
    "removePatterns": [
        "amp;"
    ],
"autoLoad": true,
"T": {
"Toast": "R18"
}
}
