{
    "configurations": [
        {
            "prefix": "href=\"",
            "suffix": "\"",
            "filters": [],
            "varName": "playLink",
            "regionStart": "info\">",
            "regionEnd": "</div>",
            "continueTraversal": false
        },
        {
            "prefix": "\"><strong>",
            "suffix": "<",
            "filters": [],
            "varName": "title",
         "regionStart": "info\">",
            "regionEnd": "</div>"
        },
        {
            "prefix": "original=\"",
            "suffix": "\" alt=\"",
            "filters": [],
            "varName": "coverImage"
        },
        {
            "prefix": "<a href=\"",
            "suffix": "\"",
            "filters": [],
            "varName": "nextPage",
            "regionStart": "display\">",
            "regionEnd": "</div>",
            "selectIndex": 3
        }
    ],
    "EpisodeConfiguration": [
        {
            "prefix": "href=\"",
            "suffix": "\"",
            "filters": [],
            "varName": "episode",
            "regionStart": "list tab",
            "regionEnd": "</div>",
"regexMatch": "/index.php/vod/play/id/%d-/sid/1/nid/%d-.html"
        },
        {
            "prefix": "Nefyra",
            "suffix": "",
            "filters": [],
            "varName": "overview",
            "regionStart": "",
            "regionEnd": ""
        }
    ],
    "maxRetries": 1,
    "retryDelay": 10000,
    "url": "https://www.fqdm.cc/index.php/vod/search.html?wd=@Nefyra",
    "RegexPatterns": [
        "^https?://v6%.tlkqc%.com/wjv6/%d+/%d+/[%w]+/video/[%w_]+/hls/index%.m3u8$"
    ],
    "basePath": {
        "episode": "https://www.fqdm.cc",
        "playLink": "https://www.fqdm.cc",
        "nextPage": "https://www.fqdm.cc"
    },
    "startParam": "start",
    "options": {
        "nextPage": {
            "nextPage": true
        },
        "episode": {
            "episode": true
        },
        "playLink": {
            "playLink": true
        }
    },
    "repeat": false
}
