{
    "configurations": [
        {
            "prefix": "<a class=\"overlay\" href=\"",
            "suffix": "\"></a>",
            "filters": [],
            "varName": "playLink",
            "regexMatch": "h?v=%d-"
        },
        {
            "prefix": "e5e5e5;\">",
            "suffix": "</div>",
            "filters": [],
            "varName": "title",
            "regionStart": "h?v=%d-",
            "regionEnd": "<a href"
        },
        {
            "prefix": "px\" src=\"",
            "suffix": "\">",
            "filters": [],
            "varName": "coverImage",
            "regexMatch": "https://vdownload%.hembed%.com/image/thumbnail/[%w%-]+%.jpg"
        },
        {
            "prefix": "link\" href=\"",
            "suffix": "\">",
            "filters": [],
            "varName": "nextPage",
            "regionStart": "item active",
            "regionEnd": "label=\"Next &raquo",
            "selectIndex": 1
        }
    ],
    "EpisodeConfiguration": [
        {
            "prefix": "<a class=\"overlay\" href=\"",
            "suffix": "\"",
            "filters": [],
            "varName": "episode",
            "regexMatch": "https?://[%w%.%-]+/[%w%?=&%-]+"
        }
    ],
    "url": "https://hanime1.me/search?query=@Nefyra",
    "RegexPatterns": [
        "(https?://[%w%-_.]+[/%w%-_.?&=]*%.mp4)",
        "cdn77-vid.xvideos-cdn.com"
    ],
    "basePath": {
        "nextPage": "https://hanime1.me/search"
    },
    "startParam": "start",
    "options": {
        "nextPage": {
            "nextPage": true
        }
    },
    "repeat": true,
    "maxRetries": 3,
    "retryDelay": 2500,
    "removePatterns": [
        "amp;"
    ],
"T": {
"Toast": "R18"
}
}
