{
    "configurations": [
        {
            "prefix": "href=\"",
            "suffix": "\"",
            "filters": [],
            "varName": "playLink",
            "regionStart": "menu flex",
            "regionEnd": "</div>",
            "continueTraversal": false
        },
        {
            "prefix": "cor4 hide\">",
            "suffix": "</div>",
            "filters": [],
            "varName": "title"
        },
        {
            "prefix": "c=\"",
            "suffix": "\"",
            "filters": [],
            "varName": "coverImage",
"regionStart": "封面图",
"regionEnd": "/>"
        },
        {
            "prefix": "href=\"",
            "suffix": "\"",
            "filters": [],
            "varName": "nextPage",
            "regionStart": "pages top",
            "regionEnd": "<script>",
            "selectIndex": 8
        }
    ],
    "EpisodeConfiguration": [
        {
            "prefix": "href=\"",
            "suffix": "\"",
            "filters": [],
            "varName": "episode",
            "regionStart": "list top",
            "regionEnd": "</ul>"
        },
        {
            "prefix": "<p>",
            "suffix": "</div>",
            "filters": [],
            "varName": "overview",
            "regionStart": "detail_imform_desc_pre",
            "regionEnd": "blockline1"
        }
    ],
    "maxRetries": 3,
    "retryDelay": 5000,
    "url": "https://www.mwcy.net/search.html?wd=@Nefyra",
    "RegexPatterns": [
        "https://catw.",
"https://v16m.byteicdn.com",
"https://vip.dytt"
    ],
    "basePath": {
        "episode": "https://www.mwcy.net",
        "playLink": "https://www.mwcy.net",
        "nextPage": "https://www.mwcy.net"
    },
    "startParam": "start",
    "options": {
        "nextPage": {
            "nextPage": true
        },
        "episode": {
            "episode": true
        },
        "playLink": {
            "playLink": true
        }
    },
    "repeat": false,
    "removePatterns": [
        "</p>"
    ]
}
