{
    "configurations": [
        {
            "prefix": "<h3><a href=\"",
            "suffix": "\"",
            "filters": [],
            "varName": "playLink"
        },
        {
            "prefix": "title=\"",
            "suffix": "\"",
            "filters": [],
            "varName": "title",
"regionStart": "<h3><a href=\"",
"regionEnd": "</h3>"
        },
        {
            "prefix": "-src=\"",
            "suffix": "\"",
            "filters": [],
            "varName": "coverImage"
        },
        {
            "prefix": "<a href=\"",
            "suffix": "\"",
            "filters": [],
            "varName": "nextPage",
            "regionStart": "<div id=\"page",
            "regionEnd": "title=\"尾页",
            "selectIndex": 7
        }
    ],
    "EpisodeConfiguration": [
        {
            "prefix": "href=\"",
            "suffix": "\"",
            "filters": [],
            "varName": "episode",
            "regionStart": "选集",
            "regionEnd": "class=\"shortcuts",
"regexMatch": "dongmanplay/%d---1--%d-.html"
        },
        {
            "prefix": "<p>",
            "suffix": "</div>",
            "filters": [],
            "varName": "overview",
            "regionStart": "detail_imform_desc_pre",
            "regionEnd": "blockline1"
        }
    ],
    "maxRetries": 3,
    "retryDelay": 5000,
    "url": "https://www.mxdm9.cc/search/-------------.html?wd=@Nefyra",
    "RegexPatterns": [
        "mp4"
    ],
    "basePath": {
        "episode": "https://www.mxdm9.cc",
        "playLink": "https://www.mxdm9.cc",
        "nextPage": "https://www.mxdm9.cc"
    },
    "startParam": "start",
    "options": {
        "nextPage": {
            "nextPage": true
        },
        "episode": {
            "episode": true
        },
        "playLink": {
            "playLink": true
        }
    },
    "repeat": false,
    "removePatterns": [
        "</p>"
    ]
}
