{
    "configurations": [
        {
            "prefix": "<a class=\"nbutton2 cell_res_button\" href=\"",
            "suffix": "\">资源详情</a>",
            "filters": [],
            "varName": "playLink",
            "regionStart": "<div class=\"cell blockdif2\">",
            "regionEnd": "\">在线播放</a></div>",
            "continueTraversal": false
        },
        {
            "prefix": "class=\"cell_imform_name\">",
            "suffix": "</a></div>",
            "filters": [],
            "varName": "title"
        },
        {
            "prefix": "\" src=\"",
            "suffix": "\" alt=\"",
            "filters": [],
            "varName": "coverImage"
        },
        {
            "prefix": "asciifont\" href=\"",
            "suffix": "\"",
            "filters": [],
            "varName": "nextPage",
            "regionStart": "pbutton_current asciifont\" href=\"",
            "regionEnd": "下一页",
            "selectIndex": 6
        }
    ],
    "EpisodeConfiguration": [
        {
            "prefix": "<a href=\"",
            "suffix": "\"",
            "filters": [],
            "varName": "episode",
            "regionStart": "<div class=\"movurl mod\"  style=\"display:block\">",
            "regionEnd": "</div>"
        },
        {
            "prefix": "<p>",
            "suffix": "</div>",
            "filters": [],
            "varName": "overview",
            "regionStart": "detail_imform_desc_pre",
            "regionEnd": "blockline1"
        }
    ],
    "maxRetries": 3,
    "retryDelay": 5000,
    "url": "https://www.ntdm9.com/search/-------------1.html?wd=@Nefyra",
    "RegexPatterns": [
        "mp4"
    ],
    "basePath": {
        "episode": "https://www.ntdm9.com",
        "playLink": "https://www.ntdm9.com",
        "nextPage": "https://www.ntdm9.com"
    },
    "startParam": "start",
    "options": {
        "nextPage": {
            "nextPage": true
        },
        "episode": {
            "episode": true
        },
        "playLink": {
            "playLink": true
        }
    },
    "repeat": false,
    "removePatterns": [
        "</p>"
    ]
}
