{
    "configurations": [
        {
            "prefix": "\"><a href=\"",
            "suffix": "\"",
            "filters": [],
            "varName": "playLink",
            "regionStart": "class=\"mozaique",
            "regionEnd": "class=\"pagination",
            "continueTraversal": false
        },
        {
            "prefix": "title=\"",
            "suffix": "\"",
            "filters": [],
            "varName": "title",
            "regionStart": "class=\"mozaique",
            "regionEnd": "class=\"pagination"
        },
        {
            "prefix": "src=\"",
            "suffix": "\"",
            "filters": [],
            "varName": "coverImage",
            "regexMatch": "jpg$"
        },
        {
            "prefix": "<a href=\"",
            "suffix": "\"",
            "filters": [],
            "varName": "nextPage",
            "regionStart": "class=\"active\" href=\"\"",
            "regionEnd": "id=\"content",
            "selectIndex": 1
        }
    ],
    "EpisodeConfiguration": [],
    "maxRetries": 3,
    "retryDelay": 5000,
    "url": "https://www.xvideos.com/?k=@Nefyra",
    "RegexPatterns": [
        "[INCLUDE]cdn77-vid.xvideos-cdn",
        "[INCLUDE]gcore-vid.xvideos-cdn"
    ],
    "basePath": {
        "episode": "https://www.xvideos.com",
        "playLink": "https://www.xvideos.com",
        "nextPage": "https://www.xvideos.com"
    },
    "startParam": "start",
    "options": {
        "nextPage": {
            "nextPage": true
        },
        "episode": {
            "episode": true
        },
        "playLink": {
            "playLink": true
        }
    },
    "repeat": true,
    "removePatterns": [
        "amp;","&ldquo;","&rdquo;","&hellip;"
    ],
    "autoLoad": true,
"T": {
"Toast": "R18"
}
}
