{
    "configurations": [
        {
            "prefix": "href=\"",
            "suffix": "\"",
            "filters": [],
            "varName": "playLink",
            "regexMatch": "vodetail_%w+%.html",
            "continueTraversal": false
        },
        {
            "prefix": "title=\"",
            "suffix": "\"",
            "filters": [],
            "varName": "title"
        },
        {
            "prefix": "original=\"",
            "suffix": "\"",
            "filters": [],
            "varName": "coverImage"
        },
        {
            "prefix": "href=\"",
            "suffix": "\"",
            "filters": [],
            "varName": "nextPage",
            "regionStart": "active visible",
            "regionEnd": "下一页</a></li>"
        }
    ],
    "EpisodeConfiguration": [
        {
            "prefix": "href=\"",
            "suffix": "\"",
            "filters": [],
            "varName": "episode",
            "regionStart": "第一线路",
            "regionEnd": "</a></li></ul></div></div></div>"
        },
        {
            "prefix": "pd\">",
            "suffix": "</p></div></div>",
            "filters": [],
            "varName": "overview",
            "regionStart": "剧情简介",
            "regionEnd": "clearfix"
        }
    ],
    "maxRetries": 3,
    "retryDelay": 10000,
    "url": "https://www.vdm5.com/search_-------------.html?wd=@Nefyra",
    "RegexPatterns": [
        "[INCLUDE]v16m-default.akamaized.net"
    ],
    "basePath": {
        "nextPage": "https://www.vdm5.com",
        "episode": "https://www.vdm5.com",
        "playLink": "https://www.vdm5.com"
    },
    "startParam": "start",
    "options": {
        "nextPage": {
            "nextPage": true
        },
        "episode": {
            "episode": true
        },
        "playLink": {
            "playLink": true
        }
    },
    "repeat": true
}
