{
    "configurations": [
        {
            "prefix": "href=\"",
            "suffix": "\"",
            "filters": [],
            "varName": "playLink",
            "regionStart": "lazyload",
            "regionEnd": ">",
            "continueTraversal": false
        },
        {
            "prefix": "title=\"",
            "suffix": "\"",
            "filters": [],
            "varName": "title",
            "regionStart": "lazyload",
            "regionEnd": ">"
        },
        {
            "prefix": "original=\"",
            "suffix": "\"",
            "filters": [],
            "varName": "coverImage",
            "regionStart": "lazyload",
            "regionEnd": ">"
        },
        {
            "prefix": "href=\"",
            "suffix": "\"",
            "filters": [],
            "varName": "nextPage",
            "regionStart": "num",
            "regionEnd": "下一页"
        }
    ],
    "EpisodeConfiguration": [
        {
            "prefix": "<li ><a href=\"",
            "suffix": "\"",
            "filters": [],
            "varName": "episode",
            "regionStart": "p class=\"data",
            "regionEnd": "</ul>"
        }
    ],
    "maxRetries": 3,
    "retryDelay": 5000,
    "url": "https://www.yinghua2.com/index.php/vod/search.html?wd=@Nefyra",
    "RegexPatterns": [
        "https?://[%w%.%-]+/.+/[%w]+/%d+kb/hls/index.m3u8",
        "^https?://vv%.jisuzyv%.com/play/[a-zA-Z0-9%-]+/index%.m3u8$"
    ],
    "basePath": {
        "episode": "https://www.yinghua2.com",
        "playLink": "https://www.yinghua2.com",
        "nextPage": "https://www.yinghua2.com"
    },
    "startParam": "start",
    "options": {
        "nextPage": {
            "nextPage": true
        },
        "episode": {
            "episode": true
        },
        "playLink": {
            "playLink": true
        }
    },
    "repeat": false,
    "T": {
        "Toast": "请不要相信该规则任何广告"
    }
}
