[
  {"pattern": "笨蛋", "replacement": "呆萌能量超标", "action": "REPLACE"},
  {"pattern": "白痴", "replacement": "可爱犯迷糊", "action": "REPLACE"},
  {"pattern": "猪头", "replacement": "猪猪侠", "action": "REPLACE"},
  {"pattern": "笨", "replacement": "智商掉线中", "action": "REPLACE"},
  {"pattern": "蠢", "replacement": "可爱待机中", "action": "REPLACE"},
  {"pattern": "胖", "replacement": "可爱多肉装", "action": "REPLACE"},
  {"pattern": "肥", "replacement": "软fufu棉花糖", "action": "REPLACE"},
  {"pattern": "穷", "replacement": "金币孵化中", "action": "REPLACE"},
  {"pattern": "屌丝", "replacement": "潜力发光体", "action": "REPLACE"},
  {"pattern": "坑", "replacement": "可爱陷阱", "action": "REPLACE"},
  {"pattern": "跪了", "replacement": "为大佬比心", "action": "REPLACE"},
  {"pattern": "操", "replacement": "喵喵喵", "action": "REPLACE"},
  {"pattern": "装逼", "replacement": "星光闪耀术", "action": "REPLACE"},
  {"pattern": "屁", "replacement": "噗噗小精灵", "action": "REPLACE"},
  {"pattern": "屎", "replacement": "便便小蛋糕", "action": "REPLACE"},
  {"pattern": "尿", "replacement": "哗哗小瀑布", "action": "REPLACE"},
  {"pattern": "拉黑", "replacement": "开启彩虹结界", "action": "REPLACE"},
  {"pattern": "变态", "replacement": "彩虹独角兽", "action": "REPLACE"},
  {"pattern": "秃", "replacement": "反光小灯泡", "action": "REPLACE"},
  {"pattern": "舔狗", "replacement": "暖心小太阳", "action": "REPLACE"},
  {"pattern": "垃圾", "replacement": "小可爱", "action": "REPLACE"},
  {"pattern": "废物|fw|fvv", "replacement": "小可爱","action": "REPLACE", "use_regex": true},
  {"pattern": "广告", "replacement": "ฅ^•ω•^ฅ 小广告", "action": "REPLACE"},
  {"pattern": "傻[逼比]", "replacement": "机智小可爱", "action": "REPLACE" , "use_regex": true},
  {"pattern": "[sS][bB]", "replacement": "机智小可爱", "action": "REPLACE",  "use_regex": true},
  {"pattern": "丑", "replacement": "颜值叛逆期", "action": "REPLACE"},
  {"pattern": "难看", "replacement": "颜值叛逆期", "action": "REPLACE"},
  {"pattern": "滚", "replacement": "圆润地离开~", "action": "REPLACE"},
  {"pattern": "弱智", "replacement": "呆萌能量超标", "action": "REPLACE"},
  {"pattern": "烦死了", "replacement": "(╯°□°)╯︵ ┻━┻", "action": "REPLACE"},
  {"pattern": "垃圾游戏", "replacement": "游戏在撒娇", "action": "REPLACE"},
  {"pattern": "死", "replacement": "去火星旅行", "action": "REPLACE"},
  {"pattern": "https?://\\S+", "action": "DELETE"},
  {"pattern": "%b<>", "action": "DELETE"},
  {"pattern": "\\d+[年月日天时分秒]", "action": "DELETE"},
  {"pattern": "(.)\\1\\1+", "action": "DELETE"},
  {"pattern": "前方高能", "action": "DELETE"},
  {"pattern": "签到", "action": "DELETE"},
  {"pattern": "打卡", "action": "DELETE"},
  {"pattern": "主播.*电话", "action": "DELETE"},
  {"pattern": "[↑↓←→][↑↓←→][↑↓←→]+", "action": "DELETE"},
  {"pattern": "[?？!！][?？!！][?？!！]+", "action": "DELETE"},
  {"pattern": "[nN][bB]", "replacement": "好腻害！","action": "REPLACE" , "use_regex": true},
  {"pattern": "[wW][cC]", "replacement": "哇塞塞！","action": "REPLACE" , "use_regex": true},
  {"pattern": "[tT][mM]", "replacement": "气气！","action": "REPLACE" , "use_regex": true},
  {"pattern": "牛逼", "replacement": "太强啦！","action": "REPLACE"},
  {"pattern":"土豪","replacement":"【呼吸都冒金币】","action":"REPLACE"},
  {"pattern":"有钱","replacement":"【呼吸都冒金币】","action":"REPLACE"},
  {"pattern":"单身狗","replacement":"【孤狼の优雅】","action":"REPLACE"},
  {"pattern": "母猪", "replacement": "猪猪","action": "REPLACE"},
  {"pattern": "[mM][dD]", "replacement": "可恶可恶！","action": "REPLACE" , "use_regex": true},
  {"pattern": "卧槽", "replacement": "哇塞塞！","action": "REPLACE"},
  {"pattern": "流批", "replacement": "好腻害！","action": "REPLACE"},
  {"pattern": "有毛?病", "replacement": "你这个小迷糊-","action": "REPLACE" , "use_regex": true},
  {"pattern": "降.{0,3}(成功|失败|完美)", "action": "DELETE", "use_regex": true},
  {"pattern": "空难(现场|$)|坠机|盲降", "action": "DELETE", "use_regex": true},
  {"pattern": "暴力", "replacement": "爱的拳头","action": "REPLACE"},
  {"pattern": "尸体", "replacement": "猫猫饼","action": "REPLACE"},
  {"pattern": "废渣", "replacement": "喵喵","action": "REPLACE"},
  {"pattern": "你妹", "replacement": "你猫","action": "REPLACE"},
  {"pattern": "笑", "replacement": "哭","action": "REPLACE"},
  {"pattern": "无压力", "action": "DELETE"},
  {"pattern": "你品", "action": "DELETE"},
  {"pattern": "前面的", "action": "DELETE"},
  {"pattern": "yyds", "action": "DELETE"},
  {"pattern": "梦开始", "action": "DELETE"},
  {"pattern": "考古", "action": "DELETE"},
  {"pattern": "doge", "action": "DELETE"},
  {"pattern": "何年", "action": "DELETE"},
  {"pattern": "万恶之源", "action": "DELETE"},
  {"pattern": "^《.*》$", "action": "DELETE"},
  {"pattern": "非[暂静]", "action": "DELETE"},
  {"pattern": "你卡了", "action": "DELETE"},
  {"pattern": "暂停成功", "action": "DELETE"},
  {"pattern": "撸", "action": "DELETE"},
  {"pattern": "雷击", "action": "DELETE"},
  {"pattern": "指挥部", "action": "DELETE"},
  {"pattern": "正解", "action": "DELETE"},
  {"pattern": "233+", "action": "DELETE" , "use_regex": true},
  {"pattern": "。。+", "action": "DELETE" , "use_regex": true},
  {"pattern": "本子", "action": "DELETE"},
  {"pattern": "空降成功", "action": "DELETE"},
  {"pattern": "失败", "action": "DELETE"},
  {"pattern": "……+", "action": "DELETE" , "use_regex": true},
  {"pattern": "第一", "action": "DELETE"},
  {"pattern": "来了", "action": "DELETE"},
  {"pattern": "开播", "action": "DELETE"},
  {"pattern": "好评", "action": "DELETE"},
  {"pattern": "jpg", "action": "DELETE"},
  {"pattern": "中", "action": "DELETE"},
  {"pattern": "在看", "action": "DELETE"},
  {"pattern": "[0-9]%+", "action": "DELETE" , "use_regex": true},
  {"pattern": "完结", "action": "DELETE"},
  {"pattern": "有生之年", "action": "DELETE"},
  {"pattern": "^%a+$", "action": "DELETE" , "use_regex": true},
  {"pattern": "惊坐", "action": "DELETE"},
  {"pattern": "牛顿", "action": "DELETE"},
  {"pattern": "倍速", "action": "DELETE"},
  {"pattern": "新世界", "action": "DELETE"},
  {"pattern": "^\\d{1,2}[秒分钟小时\\-\\.\\/\\:：]{1,2}\\d{0,2}.?$", "action": "DELETE", "use_regex": true},
  {"action": "DETECT_REPEAT", "min_repeats": 2, "delete_whole": true},
  {"pattern": "^%d+$", "action": "DELETE"},
    {"action":"MERGE_REPEAT","replacement":" [x{count}]","min_repeats":1}
]
