[
  {"pattern": "笨蛋", "replacement": "呆萌能量超标", "action": "REPLACE"},
  {"pattern": "白痴", "replacement": "可爱犯迷糊", "action": "REPLACE"},
  {"pattern": "猪头", "replacement": "猪猪侠", "action": "REPLACE"},
  {"pattern": "笨", "replacement": "智商掉线中", "action": "REPLACE"},
  {"pattern": "这我熟", "action": "DELETE"},
  {"pattern": "bushi", "action": "DELETE"},
  {"pattern": "万恶", "action": "DELETE"},
  {"pattern": "没人", "action": "DELETE"},
  {"pattern": "懂了", "action": "DELETE"},
  {"pattern": "蠢", "replacement": "可爱待机中", "action": "REPLACE"},
  {"pattern": "胖", "replacement": "可爱多肉装", "action": "REPLACE"},
  {"pattern": "肥", "replacement": "软fufu棉花糖", "action": "REPLACE"},
  {"pattern": "穷", "replacement": "金币孵化中", "action": "REPLACE"},
  {"pattern": "屌丝", "replacement": "潜力发光体", "action": "REPLACE"},
  {"pattern": "坑", "replacement": "可爱陷阱", "action": "REPLACE"},
  {"pattern": "跪了", "replacement": "为大佬比心", "action": "REPLACE"},
  {"pattern": "操", "replacement": "喵喵喵", "action": "REPLACE"},
  {"pattern": "装逼", "replacement": "星光闪耀术", "action": "REPLACE"},
  {"pattern": "屁", "replacement": "噗噗小精灵", "action": "REPLACE"},
  {"pattern": "屎", "replacement": "便便小蛋糕", "action": "REPLACE"},
  {"pattern": "尿", "replacement": "哗哗小瀑布", "action": "REPLACE"},
  {"pattern": "拉黑", "replacement": "开启彩虹结界", "action": "REPLACE"},
  {"pattern": "变态", "replacement": "彩虹独角兽", "action": "REPLACE"},
  {"pattern": "秃", "replacement": "反光小灯泡", "action": "REPLACE"},
  {"pattern": "舔狗", "replacement": "暖心小太阳", "action": "REPLACE"},
  {"pattern": "垃圾", "replacement": "小可爱", "action": "REPLACE"},
  {"pattern": "废物", "replacement": "小可爱", "action": "REPLACE"},
  {"pattern": "fw", "replacement": "小可爱", "action": "REPLACE"},
  {"pattern": "fvv", "replacement": "小可爱", "action": "REPLACE"},
  {"pattern": "广告", "replacement": "ฅ^•ω•^ฅ 小广告", "action": "REPLACE"},
  {"pattern": "盖亚", "action": "DELETE"},
  {"pattern": "傻逼", "replacement": "机智小可爱", "action": "REPLACE"},
  {"pattern": "傻比", "replacement": "机智小可爱", "action": "REPLACE"},
  {"pattern": "sb", "replacement": "机智小可爱", "action": "REPLACE"},
  {"pattern": "SB", "replacement": "机智小可爱", "action": "REPLACE"},
  {"pattern": "丑", "replacement": "颜值叛逆期", "action": "REPLACE"},
  {"pattern": "难看", "replacement": "颜值叛逆期", "action": "REPLACE"},
  {"pattern": "滚", "replacement": "圆润地离开~", "action": "REPLACE"},
  {"pattern": "弱智", "replacement": "呆萌能量超标", "action": "REPLACE"},
  {"pattern": "人机", "replacement": "呆萌", "action": "REPLACE"},
  {"pattern": "啊？", "action": "DELETE"},
  {"pattern": "啊?", "action": "DELETE"},
  {"pattern": "秒了", "action": "DELETE"},
  {"pattern": "有救了", "action": "DELETE"},
  {"pattern": "血", "replacement": "番茄汁", "action": "REPLACE"},
  {"pattern": "烦死了", "replacement": "(╯°□°)╯︵ ┻━┻", "action": "REPLACE"},
  {"pattern": "垃圾游戏", "replacement": "游戏在撒娇", "action": "REPLACE"},
  {"pattern": "死", "replacement": "去火星旅行", "action": "REPLACE"},
  {"pattern": "http://", "action": "DELETE"},
  {"pattern": "https://", "action": "DELETE"},
  {"pattern": "前方高能", "action": "DELETE"},
  {"pattern": "签到", "action": "DELETE"},
  {"pattern": "打卡", "action": "DELETE"},
  {"pattern": "nb", "replacement": "好腻害！", "action": "REPLACE"},
  {"pattern": "NB", "replacement": "好腻害！", "action": "REPLACE"},
  {"pattern": "tm", "replacement": "气气！", "action": "REPLACE"},
  {"pattern": "TM", "replacement": "气气！", "action": "REPLACE"},
  {"pattern": "牛逼", "replacement": "太强啦！", "action": "REPLACE"},
  {"pattern": "土豪", "replacement": "【呼吸都冒金币】", "action": "REPLACE"},
  {"pattern": "有钱", "replacement": "【呼吸都冒金币】", "action": "REPLACE"},
  {"pattern": "富有", "replacement": "【呼吸都冒金币】", "action": "REPLACE"},
  {"pattern": "好富", "replacement": "【呼吸都冒金币】", "action": "REPLACE"},
  {"pattern": "单身狗", "replacement": "【孤狼の优雅】", "action": "REPLACE"},
  {"pattern": "草泥马", "action": "DELETE"},
  {"pattern": "母猪", "replacement": "猪猪", "action": "REPLACE"},
  {"pattern": "md", "replacement": "可恶可恶！", "action": "REPLACE"},
  {"pattern": "MD", "replacement": "可恶可恶！", "action": "REPLACE"},
  {"pattern": "卧槽", "replacement": "哇塞塞！", "action": "REPLACE"},
  {"pattern": "wc", "replacement": "哇塞塞！", "action": "REPLACE"},
  {"pattern": "WC", "replacement": "哇塞塞！", "action": "REPLACE"},
  {"pattern": "woc", "replacement": "哇塞塞！", "action": "REPLACE"},
  {"pattern": "WOC", "replacement": "哇塞塞！", "action": "REPLACE"},
  {"pattern": "流批", "replacement": "好腻害！", "action": "REPLACE"},
  {"pattern": "有病", "replacement": "你这个小迷糊-", "action": "REPLACE"},
  {"pattern": "有毛病", "replacement": "你这个小迷糊-", "action": "REPLACE"},
  {"pattern": "暴力", "replacement": "爱的拳头", "action": "REPLACE"},
  {"pattern": "尸体", "replacement": "猫猫饼", "action": "REPLACE"},
  {"pattern": "废渣", "replacement": "喵喵", "action": "REPLACE"},
  {"pattern": "你妹", "replacement": "你猫", "action": "REPLACE"},
  {"pattern": "笑", "replacement": "哭", "action": "REPLACE"},
  {"pattern": "无压力", "action": "DELETE"},
  {"pattern": "事已至此", "action": "DELETE"},
  {"pattern": "你品", "action": "DELETE"},
  {"pattern": "前面的", "action": "DELETE"},
  {"pattern": "yyds", "action": "DELETE"},
  {"pattern": "梦开始", "action": "DELETE"},
  {"pattern": "考古", "action": "DELETE"},
  {"pattern": "doge", "action": "DELETE"},
  {"pattern": "何年", "action": "DELETE"},
  {"pattern": "万恶之源", "action": "DELETE"},
  {"pattern": "你卡了", "action": "DELETE"},
  {"pattern": "暂停成功", "action": "DELETE"},
  {"pattern": "撸", "action": "DELETE"},
  {"pattern": "雷击", "action": "DELETE"},
  {"pattern": "指挥部", "action": "DELETE"},
  {"pattern": "正解", "action": "DELETE"},
  {"pattern": "233", "action": "DELETE"},
  {"pattern": "本子", "action": "DELETE"},
  {"pattern": "空降成功", "action": "DELETE"},
  {"pattern": "失败", "action": "DELETE"},
  {"pattern": "第一", "action": "DELETE"},
  {"pattern": "来了", "action": "DELETE"},
  {"pattern": "美食特写", "action": "DELETE"},
  {"pattern": "开播", "action": "DELETE"},
  {"pattern": "耐摔王", "action": "DELETE"},
  {"pattern": "好评", "action": "DELETE"},
  {"pattern": "jpg", "action": "DELETE"},
  {"pattern": "中", "action": "DELETE"},
  {"pattern": "在看", "action": "DELETE"},
  {"pattern": "完结", "action": "DELETE"},
  {"pattern": "有生之年", "action": "DELETE"},
  {"pattern": "惊坐", "action": "DELETE"},
  {"pattern": "牛顿", "action": "DELETE"},
  {"pattern": "倍速", "action": "DELETE"},
  {"pattern": "新世界", "action": "DELETE"},
  {"action": "DETECT_REPEAT", "min_repeats": 2, "delete_whole": true},
  {"action":"MERGE_REPEAT","replacement":" [x{count}]","min_repeats":1}
]
